{
  "id": "",
  "name": "",
  "font_family": "iconfont",
  "css_prefix_text": "icon-",
  "description": "",
  "glyphs": [
    {
      "icon_id": "689262",
      "name": "类目 品类 分类 类别",
      "font_class": "leimupinleifenleileibie",
      "unicode": "e7f9",
      "unicode_decimal": 59385
    },
    {
      "icon_id": "814464",
      "name": "向下 ",
      "font_class": "xiangxia",
      "unicode": "e6b2",
      "unicode_decimal": 59058
    },
    {
      "icon_id": "2116276",
      "name": "删除",
      "font_class": "dustbin_icon",
      "unicode": "e659",
      "unicode_decimal": 58969
    },
    {
      "icon_id": "7036704",
      "name": "下移",
      "font_class": "xiayi",
      "unicode": "e636",
      "unicode_decimal": 58934
    },
    {
      "icon_id": "7036706",
      "name": "上移",
      "font_class": "shangyi",
      "unicode": "e637",
      "unicode_decimal": 58935
    },
    {
      "icon_id": "7310415",
      "name": "向上",
      "font_class": "xiangshang",
      "unicode": "e74c",
      "unicode_decimal": 59212
    }
  ]
}
